epoch,train_loss,val_loss,lai_train,lai_val,yield_train,yield_val,state_loss,canopy_loss,anom_loss,HI,yield_scale,yield_year_trend,RUE,k_ext,D0,GDD_flowering,GDD_maturity,FC,WP,epoch_seconds,gpu_peak_gb
1,1.172672708829244,0.5945738554000854,0.4037964542706807,0.3761439323425293,0.30267301201820374,0.24429911375045776,0.5895185073216757,0.12721441065271696,0.0,0.5600000619888306,1.149999976158142,0.034999992698431015,2.8012824058532715,0.8543148040771484,1.8989074230194092,849.9984130859375,1673.45361328125,0.3955080509185791,0.18409304320812225,7.633418130688369,0.05636262893676758
2,0.7844103574752808,0.5945738554000854,0.4097306529680888,0.3761439323425293,0.2191940595706304,0.24429911375045776,0.33181487520535785,0.03454482555389404,0.0,0.5600000619888306,1.149999976158142,0.034999992698431015,2.7932868003845215,0.8503007292747498,1.8995440006256104,849.9984130859375,1673.4537353515625,0.39037269353866577,0.1841750591993332,6.672319276258349,0.056395530700683594
3,0.6839512387911478,0.5945738554000854,0.43913593888282776,0.3761439323425293,0.11470148215691249,0.24429911375045776,0.11300456399718921,0.01995460658023755,0.0,0.5600000619888306,1.149999976158142,0.034999992698431015,2.7864184379577637,0.8464112281799316,1.9003781080245972,849.9984130859375,1673.454345703125,0.3995586335659027,0.1861249804496765,6.597975397482514,0.056368350982666016
4,0.6879749894142151,0.5945738554000854,0.44173285365104675,0.3761439323425293,0.10687742133935292,0.24429911375045776,0.1117268701394399,0.020224311699469883,0.0,0.5600000619888306,1.149999976158142,0.034999992698431015,2.781052589416504,0.8450202345848083,1.9014008045196533,849.9984130859375,1673.455078125,0.39676231145858765,0.18514642119407654,6.51348534040153,0.056368350982666016
5,0.6626218954722086,0.5866187214851379,0.43535056710243225,0.4126611649990082,0.1238212635119756,0.09423545747995377,0.09920457657426596,0.01694979580740134,0.0,0.5600000619888306,1.149999976158142,0.034999992698431015,2.774958610534668,0.8417678475379944,1.9023759365081787,849.9984130859375,1673.455810546875,0.3955080509185791,0.18409304320812225,7.47412271425128,0.056368350982666016
6,0.6695576906204224,0.5866187214851379,0.4198560019334157,0.4126611649990082,0.17511839667956033,0.09423545747995377,0.18487531691789627,0.011976741254329681,0.0,0.5600000619888306,1.149999976158142,0.034999992698431015,2.7694733142852783,0.8396546840667725,1.9033634662628174,849.9984130859375,1673.45654296875,0.39680489897727966,0.18539676070213318,6.515997419133782,0.056783199310302734
7,0.6626729567845663,0.5866187214851379,0.4050269325574239,0.4126611649990082,0.2250007043282191,0.09423545747995377,0.2337929606437683,0.008194367866963148,0.0,0.5600000619888306,1.149999976158142,0.034999992698431015,2.7624802589416504,0.8350427746772766,1.9040666818618774,849.9984130859375,1673.45703125,0.3976748287677765,0.18595407903194427,6.659706108272076,0.056368350982666016
8,0.6477715969085693,0.5866187214851379,0.42168887456258136,0.4126611649990082,0.16910260419050852,0.09423545747995377,0.13908394674460092,0.01162269338965416,0.0,0.5600000619888306,1.149999976158142,0.034999992698431015,2.7547216415405273,0.8293448686599731,1.9046924114227295,849.9984130859375,1673.4573974609375,0.39454197883605957,0.18480251729488373,6.595914037898183,0.056368350982666016
9,0.6462397774060568,0.5866187214851379,0.4268503785133362,0.4126611649990082,0.14326673994461694,0.09423545747995377,0.11126800378163655,0.01327778430034717,0.0,0.5600000619888306,1.149999976158142,0.034999992698431015,2.7475812435150146,0.8247039318084717,1.905453085899353,849.9984130859375,1673.4581298828125,0.39462774991989136,0.1849169284105301,6.497933157719672,0.056368350982666016
10,0.6276764869689941,0.5459879636764526,0.42081669966379803,0.39464980363845825,0.16882499059041342,0.153518408536911,0.10668923767904441,0.010741733014583588,0.0,0.5600000619888306,1.149999976158142,0.034999992698431015,2.740351915359497,0.8199220895767212,1.9062455892562866,849.9984130859375,1673.4588623046875,0.3955080509185791,0.18409304320812225,7.451418506912887,0.056368350982666016
11,0.6233865221341451,0.5459879636764526,0.41505545377731323,0.39464980363845825,0.18460010488828024,0.153518408536911,0.12181269874175389,0.009327083049962917,0.0,0.5600000619888306,1.149999976158142,0.034999992698431015,2.732907772064209,0.8146873712539673,1.907023549079895,849.9984130859375,1673.4595947265625,0.39668864011764526,0.18516671657562256,6.52730399928987,0.056783199310302734
12,0.6169894337654114,0.5459879636764526,0.4073543945948283,0.39464980363845825,0.22045030196507773,0.153518408536911,0.139609028895696,0.00765471284588178,0.0,0.5600000619888306,1.149999976158142,0.034999992698431015,2.7247815132141113,0.8085691928863525,1.90775465965271,849.9984130859375,1673.4603271484375,0.393400102853775,0.18355821073055267,6.4955054903402925,0.056368350982666016
13,0.6154821713765463,0.5459879636764526,0.409886767466863,0.39464980363845825,0.20650495092074075,0.153518408536911,0.12466892848412196,0.00846916064620018,0.0,0.5600000619888306,1.149999976158142,0.034999992698431015,2.715954303741455,0.8014311790466309,1.9084590673446655,849.9984130859375,1673.4610595703125,0.39570173621177673,0.18563000857830048,6.705367165617645,0.056368350982666016
14,0.6032947699228922,0.5459879636764526,0.4119425018628438,0.39464980363845825,0.1921248883008957,0.153518408536911,0.093697855869929,0.008627778695275387,0.0,0.5600000619888306,1.149999976158142,0.034999992698431015,2.7073957920074463,0.7947120666503906,1.9092100858688354,849.9984130859375,1673.4617919921875,0.3956422805786133,0.1841648668050766,6.511217253282666,0.056368350982666016
15,0.5914501150449117,0.49326005578041077,0.4005575974782308,0.36452344059944153,0.22380403677622476,0.26427122950553894,0.11109474052985509,0.006792731893559297,0.0,0.5600000619888306,1.149999976158142,0.034999992698431015,2.699366807937622,0.7884355187416077,1.909919261932373,849.9984130859375,1673.462646484375,0.3955080509185791,0.18409304320812225,7.285040841437876,0.056368350982666016
16,0.5858742396036783,0.49326005578041077,0.3845868209997813,0.36452344059944153,0.29211074113845825,0.26427122950553894,0.1532759169737498,0.004772643093019724,0.0,0.5600000619888306,1.149999976158142,0.034999992698431015,2.6911842823028564,0.7815913558006287,1.9104993343353271,849.9984130859375,1673.46337890625,0.3978903591632843,0.18553034961223602,6.684713118709624,0.056783199310302734
17,0.5785199006398519,0.49326005578041077,0.3772672911485036,0.36452344059944153,0.3091132541497548,0.26427122950553894,0.16054829955101013,0.004166619929795464,0.0,0.5600000619888306,1.149999976158142,0.034999992698431015,2.682227611541748,0.7737520337104797,1.9109865427017212,849.9984130859375,1673.464111328125,0.39735734462738037,0.1864435076713562,6.498042402788997,0.056368350982666016
18,0.5760446985562643,0.49326005578041077,0.3793727556864421,0.36452344059944153,0.29881131649017334,0.26427122950553894,0.14808463056882223,0.00457414115468661,0.0,0.5600000619888306,1.149999976158142,0.034999992698431015,2.672562599182129,0.7647960782051086,1.9113490581512451,849.9984130859375,1673.46484375,0.39344334602355957,0.18486708402633667,6.559312698431313,0.056368350982666016
19,0.5748127897580465,0.49326005578041077,0.3975235919157664,0.36452344059944153,0.21317207316557565,0.26427122950553894,0.08350097869212429,0.007167272424946229,0.0,0.5600000619888306,1.149999976158142,0.034999992698431015,2.663738489151001,0.7567965388298035,1.9117722511291504,849.9984130859375,1673.4656982421875,0.39298388361930847,0.1831413358449936,6.633806047029793,0.056368350982666016
20,0.5667189955711365,0.4590195417404175,0.38811338941256207,0.34078583121299744,0.24375448624293009,0.33191126585006714,0.09849084417025249,0.005958634971951445,0.0,0.5600000619888306,1.149999976158142,0.034999992698431015,2.6559715270996094,0.7502226233482361,1.9124089479446411,849.9984130859375,1673.466796875,0.3955080509185791,0.18409304320812225,7.282574757933617,0.056368350982666016
21,0.6223459641138712,0.4590195417404175,0.346212774515152,0.34078583121299744,0.3866439660390218,0.33191126585006714,0.23208164920409521,0.0025532523480554423,0.0016727692369992535,0.557978630065918,1.1389670372009277,0.03823515400290489,2.647320032119751,0.7419723868370056,1.912618637084961,849.9999389648438,1673.4676513671875,0.4017733633518219,0.18691128492355347,6.543232695199549,0.07816791534423828
22,0.6152686874071757,0.4590195417404175,0.34473370512326557,0.34078583121299744,0.2785700857639313,0.33191126585006714,0.17576625446478525,0.002596126481269797,0.001949529629200697,0.5559571981430054,1.128131628036499,0.04134756699204445,2.6395671367645264,0.7339572310447693,1.9121133089065552,850.0020751953125,1673.4678955078125,0.39487794041633606,0.18430183827877045,6.6481824573129416,0.07808113098144531
23,0.5829862157503763,0.4590195417404175,0.3936129609743754,0.34078583121299744,0.0639399712284406,0.33191126585006714,0.0505493755141894,0.008403275782863298,0.0022888208429018655,0.5540105104446411,1.1179134845733643,0.04421195760369301,2.632430076599121,0.7266096472740173,1.9116672277450562,850.00439453125,1673.4681396484375,0.39021697640419006,0.1827952116727829,6.5688956547528505,0.07808113098144531
24,0.5882949630419413,0.4590195417404175,0.4011017878850301,0.34078583121299744,0.04209814469019572,0.33191126585006714,0.03319964651018381,0.010767339418331781,0.002578956773504615,0.5526131391525269,1.1107174158096313,0.04609692841768265,2.6271958351135254,0.721966564655304,1.911840796470642,850.0062255859375,1673.4691162109375,0.3931248188018799,0.1851702183485031,6.517743745818734,0.07808113098144531
25,0.5638375480969747,0.4762134552001953,0.3616131047407786,0.3224264681339264,0.05073282867670059,0.05851761996746063,0.09369004735102256,0.0052967114218821125,0.0027608799282461405,0.5513715744018555,1.1044471263885498,0.047648828476667404,2.62231707572937,0.7177367210388184,1.9122262001037598,850.0078735351562,1673.47021484375,0.3955080509185791,0.18409304320812225,7.4268790651112795,0.07808113098144531
26,0.5511969526608785,0.4762134552001953,0.3462548355261485,0.3224264681339264,0.048272223522265754,0.05851761996746063,0.10570896168549855,0.0037532953235010305,0.0029437709599733353,0.5497568845748901,1.0964295864105225,0.04962528124451637,2.616215705871582,0.7115829586982727,1.9123170375823975,850.010009765625,1673.470947265625,0.39532944560050964,0.1862742304801941,6.520113256759942,0.07817840576171875
27,0.546890914440155,0.4762134552001953,0.35365596413612366,0.3224264681339264,0.03765805438160896,0.05851761996746063,0.07910556470354398,0.004730431052545707,0.003183305806790789,0.5481484532356262,1.0885952711105347,0.051349937915802,2.6103222370147705,0.7059241533279419,1.9124492406845093,850.0120849609375,1673.4720458984375,0.3907429873943329,0.18372753262519836,6.541311101987958,0.07808160781860352
28,0.550484836101532,0.4762134552001953,0.32255900899569195,0.3224264681339264,0.05121752743919691,0.05851761996746063,0.13494045908252397,0.002717935790618261,0.0034683250511686006,0.5463734865188599,1.0800817012786865,0.053138505667448044,2.6045374870300293,0.700378954410553,1.9123272895812988,850.0142822265625,1673.472900390625,0.3905084431171417,0.18276704847812653,6.716039968654513,0.07808160781860352
29,0.5386872490247091,0.4762134552001953,0.32601768771807355,0.3224264681339264,0.042590624342362084,0.05851761996746063,0.10585511848330498,0.003177723071227471,0.003809649652491013,0.5443100929260254,1.0703210830688477,0.05512591078877449,2.598673105239868,0.6942421197891235,1.9118205308914185,850.0167236328125,1673.473388671875,0.3967832922935486,0.18540644645690918,6.522850572131574,0.07808160781860352
30,0.5496115883191427,0.461539089679718,0.3462444245815277,0.3028256893157959,0.038356286784013115,0.03511156514286995,0.06296145419279735,0.005482164366791646,0.004122418817132711,0.54308021068573,1.064598560333252,0.055906012654304504,2.5940632820129395,0.6901209354400635,1.911981225013733,850.0183715820312,1673.474365234375,0.3955080509185791,0.18409304320812225,7.302732776850462,0.07808160781860352
31,0.5207342306772867,0.461539089679718,0.31504881381988525,0.3028256893157959,0.0381054679552714,0.03511156514286995,0.08607462917764981,0.003037581375489632,0.004373849214365085,0.5420108437538147,1.0597225427627563,0.0562959723174572,2.589317560195923,0.6859708428382874,1.9122214317321777,850.0198364257812,1673.4754638671875,0.392389714717865,0.18381105363368988,6.66175243165344,0.07817888259887695
32,0.5227963725725809,0.461539089679718,0.3098747233549754,0.3028256893157959,0.037925224751234055,0.03511156514286995,0.09224992742141087,0.0030450509705891213,0.004663302718351285,0.5404666066169739,1.0527757406234741,0.057155899703502655,2.5844621658325195,0.681168258190155,1.912139654159546,850.0216064453125,1673.4764404296875,0.39137551188468933,0.183187335729599,6.578957177698612,0.07808160781860352
33,0.5173456370830536,0.461539089679718,0.31691355506579083,0.3028256893157959,0.03239489595095316,0.03511156514286995,0.06790181994438171,0.003735167750467857,0.004942966780314843,0.5394024848937988,1.048084020614624,0.057443056255578995,2.5805294513702393,0.67799973487854,1.912448525428772,850.0230102539062,1673.4775390625,0.3978365957736969,0.18603727221488953,6.529916289262474,0.07808160781860352
34,0.5272181431452433,0.461539089679718,0.287917564312617,0.3028256893157959,0.04324087003866831,0.03511156514286995,0.1193678875764211,0.0018222729753081997,0.005234426974008481,0.5378122925758362,1.0411148071289062,0.058294910937547684,2.5760912895202637,0.6740332245826721,1.912279725074768,850.0247802734375,1673.4783935546875,0.3911469876766205,0.1838994175195694,6.651448139920831,0.07808160781860352
35,0.5176045099894205,0.4499150216579437,0.3082208236058553,0.29816514253616333,0.0355834091703097,0.01887831650674343,0.058791684452444315,0.003466395583624641,0.005527803208678961,0.5362908840179443,1.0345187187194824,0.05899021774530411,2.5717415809631348,0.6700263619422913,1.912097454071045,850.0264282226562,1673.479248046875,0.3955080509185791,0.18409304320812225,7.342199162580073,0.07808160781860352
36,0.5101106266180674,0.4499150216579437,0.30666165550549823,0.29816514253616333,0.03271177659432093,0.01887831650674343,0.049543838016688824,0.003473909261325995,0.005772548572470744,0.5359381437301636,1.0330336093902588,0.05823112279176712,2.568690061569214,0.6681525111198425,1.9127272367477417,850.027099609375,1673.480712890625,0.3949972987174988,0.18487457931041718,6.517226826399565,0.07817888259887695
37,0.5718276898066202,0.4499150216579437,0.27453335126241046,0.29816514253616333,0.055718748519817986,0.01887831650674343,0.15072937806447348,0.0010369092924520373,0.006052796573688586,0.5344902276992798,1.026824712753296,0.05884614214301109,2.565814733505249,0.6660242676734924,1.9124191999435425,850.0286865234375,1673.4814453125,0.4003751873970032,0.18674702942371368,6.700251033529639,0.07808160781860352
38,0.5243777533372244,0.4499150216579437,0.2832424243291219,0.29816514253616333,0.03897367790341377,0.01887831650674343,0.09409900071720283,0.0019015180102239053,0.00627744539330403,0.5323317050933838,1.0176212787628174,0.060541391372680664,2.562943935394287,0.6633469462394714,1.9113661050796509,850.03076171875,1673.4815673828125,0.39701271057128906,0.186271533370018,6.517046940512955,0.07808160781860352
39,0.5288344025611877,0.4499150216579437,0.3037935396035512,0.29816514253616333,0.03832269335786501,0.01887831650674343,0.03383691608905792,0.00376547547057271,0.0064812929679950075,0.5315601825714111,1.0143678188323975,0.06054503098130226,2.561034679412842,0.6623708605766296,1.9113705158233643,850.0316772460938,1673.482421875,0.4010309875011444,0.1873903125524521,6.518596622161567,0.07808160781860352
40,0.5190334618091583,0.5730886459350586,0.2780313988526662,0.24999713897705078,0.03511970303952694,0.08599665015935898,0.09521194299062093,0.0016295505144322913,0.006678216780225436,0.5309781432151794,1.0119560956954956,0.06028124317526817,2.5594451427459717,0.661929726600647,1.9115030765533447,850.0324096679688,1673.4833984375,0.3955080509185791,0.18409304320812225,7.441356340423226,0.07808160781860352
41,0.5117412010828654,0.5730886459350586,0.275648574034373,0.24999713897705078,0.03394788006941477,0.08599665015935898,0.0844575675825278,0.0012547482814018924,0.006862698898961146,0.5294721126556396,1.005753755569458,0.06102990359067917,2.55735445022583,0.6601952314376831,1.9108840227127075,850.0338134765625,1673.4837646484375,0.400027334690094,0.18674549460411072,6.511584441177547,0.07817888259887695
42,0.5690763195355734,0.5730886459350586,0.3041062553723653,0.24999713897705078,0.047613076865673065,0.08599665015935898,0.025304860745867092,0.003854301447669665,0.006996357037375371,0.529265284538269,1.0049289464950562,0.06036796048283577,2.555720806121826,0.6594140529632568,1.9111875295639038,850.0341796875,1673.48486328125,0.3929462432861328,0.185002401471138,6.5811633644625545,0.07808160781860352
43,0.5180304646492004,0.5730886459350586,0.28833016753196716,0.24999713897705078,0.033511182914177574,0.08599665015935898,0.0416113194078207,0.002704289295555403,0.007127418182790279,0.5301894545555115,1.0087906122207642,0.058491289615631104,2.554758071899414,0.6599065661430359,1.9122910499572754,850.0335693359375,1673.4864501953125,0.39353397488594055,0.18406713008880615,6.655740776099265,0.07808160781860352
44,0.5105127195517222,0.5730886459350586,0.2732028166453044,0.24999713897705078,0.03266132374604543,0.08599665015935898,0.0677532230814298,0.0012920838004599016,0.007254626446714004,0.5302520990371704,1.009097695350647,0.057516492903232574,2.553081512451172,0.6589632034301758,1.912765383720398,850.0336303710938,1673.487548828125,0.3858998715877533,0.18169787526130676,6.560015940107405,0.07808160781860352
45,0.4954609274864197,0.4822913110256195,0.2838977773984273,0.25494879484176636,0.027094361061851185,0.03914926201105118,0.034674915174643196,0.0021950233494862914,0.007350541806469361,0.53020840883255,1.0089797973632812,0.0566517636179924,2.55138897895813,0.6584453582763672,1.9131953716278076,850.0337524414062,1673.488525390625,0.3955080509185791,0.18409304320812225,7.3050332656130195,0.07808160781860352
46,0.5474758446216583,0.4822913110256195,0.27361855904261273,0.25494879484176636,0.0403716042637825,0.03914926201105118,0.06922366780539353,0.001169265965775897,0.007521829567849636,0.5298147797584534,1.00740385055542,0.056112002581357956,2.5500826835632324,0.6584238409996033,1.9133700132369995,850.0341186523438,1673.4892578125,0.3962319791316986,0.1850498765707016,6.633907608687878,0.07817888259887695
47,0.5217525362968445,0.4822913110256195,0.27470927437146503,0.25494879484176636,0.03327018270889918,0.03914926201105118,0.05457366009553274,0.001178695703856647,0.007630033573756616,0.5282950401306152,1.0011544227600098,0.05699533969163895,2.5477170944213867,0.6569519639015198,1.9127249717712402,850.0353393554688,1673.4893798828125,0.3973570466041565,0.18582496047019958,6.572926122695208,0.07808160781860352
48,0.5062296986579895,0.4822913110256195,0.2833398679892222,0.25494879484176636,0.02873258851468563,0.03914926201105118,0.020680516803016264,0.002249213789279262,0.007743184299518664,0.5275185108184814,0.9980162978172302,0.05704304948449135,2.5449039936065674,0.6562352180480957,1.912617564201355,850.0359497070312,1673.489990234375,0.3930262327194214,0.1842232495546341,6.524226794950664,0.07808160781860352
49,0.48840487003326416,0.4822913110256195,0.2717001140117645,0.25494879484176636,0.025417978564898174,0.03914926201105118,0.03571284003555775,0.0012601549387909472,0.007892940193414688,0.5268350839614868,0.9952965378761292,0.05695539712905884,2.541513442993164,0.6550564765930176,1.9125890731811523,850.0364379882812,1673.490478515625,0.3876142203807831,0.18263599276542664,6.676135405898094,0.07808160781860352
50,0.4960925380388896,0.5195428133010864,0.2773711482683818,0.250124990940094,0.026073774322867393,0.043762270361185074,0.020757142454385757,0.0019304379432772596,0.007934014312922955,0.5265635251998901,0.9942612648010254,0.05637500435113907,2.5386595726013184,0.6546759605407715,1.912841796875,850.03662109375,1673.4912109375,0.3955080509185791,0.18409304320812225,7.294746889732778,0.07808160781860352
51,0.491248498360316,0.4539622962474823,0.26972265044848126,0.2543933689594269,0.025527846068143845,0.025626854971051216,0.03855687566101551,0.0010578830648834507,0.008020172826945782,0.5260652899742126,0.9923357367515564,0.0560719259083271,2.536019802093506,0.6538465023040771,1.9129468202590942,850.0369873046875,1673.4918212890625,0.3955080509185791,0.18409304320812225,7.3058164324611425,0.07817888259887695
52,0.4854123095671336,0.4539622962474823,0.27601229151089984,0.2543933689594269,0.024370136981209118,0.025626854971051216,0.018123254490395386,0.0016056244882444541,0.00805999090274175,0.5257788300514221,0.9912711381912231,0.0554419569671154,2.534019947052002,0.6537773013114929,1.9131972789764404,850.0371704101562,1673.4925537109375,0.38956770300865173,0.1837315410375595,6.710939291864634,0.07817888259887695
53,0.48643722136815387,0.4539622962474823,0.27056707938512164,0.2543933689594269,0.025113732864459355,0.025626854971051216,0.029921990508834522,0.0010492636744553845,0.008157314422229925,0.5252717733383179,0.9893434047698975,0.054974138736724854,2.5318408012390137,0.6534378528594971,1.913287878036499,850.0374755859375,1673.4930419921875,0.4000696837902069,0.18699687719345093,6.5126299764961,0.07808160781860352
54,0.48829206824302673,0.4539622962474823,0.2748744984467824,0.2543933689594269,0.02578523134191831,0.025626854971051216,0.015601172732810179,0.0015435328241437674,0.008175979989270369,0.5250754356384277,0.9886559844017029,0.054219163954257965,2.5295355319976807,0.6541535258293152,1.9135857820510864,850.03759765625,1673.49365234375,0.3864547610282898,0.18253938853740692,6.545737881213427,0.07808160781860352
55,0.4761197368303935,0.4354909658432007,0.2700575888156891,0.25491034984588623,0.023580312728881836,0.020994316786527634,0.023476611512402695,0.0009600951840790609,0.008265655798216661,0.5247613191604614,0.9875121116638184,0.053573671728372574,2.5272178649902344,0.6541270613670349,1.9138050079345703,850.037841796875,1673.4942626953125,0.3955080509185791,0.18409304320812225,7.420093853957951,0.07808160781860352
56,0.48679448167483014,0.4354909658432007,0.2773984372615814,0.25491034984588623,0.02473754622042179,0.020994316786527634,0.014632851661493381,0.0015990704608460267,0.008279501460492611,0.5248410701751709,0.98792564868927,0.05242566764354706,2.5254249572753906,0.6546820402145386,1.914280891418457,850.0377807617188,1673.4949951171875,0.39166495203971863,0.18356174230575562,6.516171817667782,0.07817888259887695
57,0.4902631143728892,0.4354909658432007,0.2694586714108785,0.25491034984588623,0.027106444040934246,0.020994316786527634,0.025598304346203804,0.0008606253929125766,0.008343733536700407,0.5246767997741699,0.9873796105384827,0.0516686774790287,2.5236876010894775,0.6552098393440247,1.9145902395248413,850.0379028320312,1673.49560546875,0.39909490942955017,0.18707355856895447,6.577787219546735,0.07808160781860352
58,0.4819462796052297,0.4354909658432007,0.2694999575614929,0.25491034984588623,0.025601503749688465,0.020994316786527634,0.021227608434855938,0.0008083171560429037,0.008413097510735193,0.5236920714378357,0.9836058616638184,0.05194828659296036,2.5218188762664795,0.6548709273338318,1.9143574237823486,850.0386352539062,1673.495849609375,0.39092862606048584,0.1836572140455246,6.645811597816646,0.07808160781860352
59,0.47017573316891986,0.4354909658432007,0.2704350749651591,0.25491034984588623,0.023046278084317844,0.020994316786527634,0.013233406469225883,0.0012002218087824683,0.008471361361443996,0.5231298208236694,0.9815065860748291,0.051705025136470795,2.5205445289611816,0.6554508805274963,1.9143822193145752,850.0390625,1673.4962158203125,0.39918145537376404,0.18615348637104034,6.527484705671668,0.07808160781860352
60,0.4764862855275472,0.4502803683280945,0.2693789501984914,0.24980078637599945,0.02437700144946575,0.026738174259662628,0.019437148856619995,0.0008084504418851187,0.00856776504466931,0.5223166942596436,0.9784562587738037,0.051799122244119644,2.5165836811065674,0.6552460193634033,1.9142396450042725,850.0396118164062,1673.4964599609375,0.3955080509185791,0.18409304320812225,7.298857942223549,0.07808160781860352
61,0.4600978394349416,0.4502803683280945,0.2693456212679545,0.24980078637599945,0.021105047936240833,0.026738174259662628,0.011649293669809898,0.0009781797222482662,0.008650125314791998,0.5214996933937073,0.9754155278205872,0.05189238116145134,2.5125632286071777,0.6559268832206726,1.9140782356262207,850.0401611328125,1673.49658203125,0.3988986313343048,0.18712438642978668,6.708655161783099,0.07817888259887695
62,0.4884405533472697,0.4502803683280945,0.2751697897911072,0.24980078637599945,0.025404922664165497,0.026738174259662628,0.02102132172634204,0.0005533427271681527,0.008838217705488205,0.520374059677124,0.971236526966095,0.05223516374826431,2.509308099746704,0.656278133392334,1.9136844873428345,850.0408935546875,1673.4964599609375,0.401168555021286,0.18762092292308807,6.522772028110921,0.07808160781860352
63,0.4588826894760132,0.4502803683280945,0.26932748158772785,0.24980078637599945,0.020696355029940605,0.026738174259662628,0.011791668211420378,0.0008696840183498958,0.008916483260691166,0.5193831920623779,0.9676032066345215,0.05235621705651283,2.506988763809204,0.6589216589927673,1.9133554697036743,850.04150390625,1673.4964599609375,0.39835822582244873,0.18628768622875214,6.522743881680071,0.07808160781860352
64,0.48218563199043274,0.4502803683280945,0.2783698042233785,0.24980078637599945,0.023149603356917698,0.026738174259662628,0.017910895869135857,0.0005098236821747074,0.009115918849905333,0.5182698369026184,0.9635623693466187,0.052504267543554306,2.504962682723999,0.6626791954040527,1.9129027128219604,850.0421752929688,1673.4962158203125,0.39572229981422424,0.18493661284446716,6.6550947381183505,0.07808160781860352
65,0.47108633319536847,0.48074498772621155,0.27078765630722046,0.2606053352355957,0.02317267966767152,0.0313415601849556,0.01119502323369185,0.0009859389392659068,0.009203328440586725,0.5176451206207275,0.9613437652587891,0.052049122750759125,2.50376296043396,0.6666187644004822,1.9127137660980225,850.0424194335938,1673.49609375,0.3955080509185791,0.18409304320812225,7.319387055002153,0.07808160781860352
66,0.47181843717892963,0.48074498772621155,0.27790968616803485,0.2606053352355957,0.021010951449473698,0.0313415601849556,0.014114444609731436,0.0006081977626308799,0.00936904332290093,0.5172384977340698,0.9599416255950928,0.05134373530745506,2.5027875900268555,0.6698388457298279,1.9126040935516357,850.04248046875,1673.49609375,0.3978642523288727,0.18606272339820862,6.567482328042388,0.07817888259887695
67,0.46851593255996704,0.48074498772621155,0.270084689060847,0.2606053352355957,0.02303125709295273,0.0313415601849556,0.00905997616549333,0.0009407869268519183,0.009351518315573534,0.5174117684364319,0.96065354347229,0.04995715990662575,2.5024712085723877,0.67347252368927,1.9128150939941406,850.0421142578125,1673.49609375,0.3983937203884125,0.18511289358139038,6.634283185005188,0.07808160781860352
68,0.48005205392837524,0.48074498772621155,0.2801617582639058,0.2606053352355957,0.022341934343179066,0.0313415601849556,0.015751222769419353,0.0005157746199984103,0.00938534364104271,0.5175533294677734,0.9612597823143005,0.04857281967997551,2.5022451877593994,0.6766502261161804,1.9129754304885864,850.041748046875,1673.49609375,0.39492467045783997,0.18470317125320435,6.516843712888658,0.07808160781860352
69,0.45848358670870465,0.48074498772621155,0.26976315180460614,0.2606053352355957,0.021053571874896686,0.0313415601849556,0.007501162278155486,0.000792306304598848,0.009266749334832033,0.5176985263824463,0.9618890285491943,0.04725448787212372,2.502387285232544,0.6801282167434692,1.9131351709365845,850.0413818359375,1673.49609375,0.39723291993141174,0.18549779057502747,6.522542188875377,0.07808160781860352
70,0.47731788953145343,0.42273372411727905,0.2776020367940267,0.25125110149383545,0.02282625436782837,0.019826913252472878,0.013994242685536543,0.00041899637047511834,0.009275048039853573,0.5174766182899475,0.9611835479736328,0.046448152512311935,2.5023441314697266,0.6828827857971191,1.9130806922912598,850.041259765625,1673.495849609375,0.3955080509185791,0.18409304320812225,7.435271489433944,0.07808160781860352
71,0.5043874581654867,0.42273372411727905,0.27287187178929645,0.25125110149383545,0.031882764771580696,0.019826913252472878,0.004290018463507295,0.0014199263920697074,0.009113612584769726,0.5176434516906738,0.9619032740592957,0.04542284086346626,2.5021090507507324,0.6853857636451721,1.9132955074310303,850.0408935546875,1673.495849609375,0.3942553400993347,0.18432734906673431,6.587852309457958,0.07817888259887695
72,0.482231726249059,0.42273372411727905,0.2719114323457082,0.25125110149383545,0.026822106912732124,0.019826913252472878,0.0036813983072837195,0.001305922633036971,0.00903021264821291,0.5191926956176758,0.9677517414093018,0.04277679696679115,2.502596616744995,0.6887584328651428,1.9143867492675781,850.0396728515625,1673.496826171875,0.39577943086624146,0.18582205474376678,6.524474744684994,0.07808160781860352
73,0.5393995841344198,0.42273372411727905,0.28838736812273663,0.25125110149383545,0.034857740004857383,0.019826913252472878,0.018287716433405876,0.00022775984446828565,0.009102418708304564,0.5194157958030701,0.9686524271965027,0.04196355491876602,2.502678632736206,0.6910282373428345,1.9147032499313354,850.039306640625,1673.4971923828125,0.39261990785598755,0.18394531309604645,6.664323049597442,0.07808160781860352
74,0.48418689767519635,0.42273372411727905,0.27418755491574603,0.25125110149383545,0.02604042738676071,0.019826913252472878,0.012440218434979519,0.0005764341913163662,0.008991319375733534,0.5183757543563843,0.9647865891456604,0.043023526668548584,2.502157211303711,0.692002534866333,1.9142613410949707,850.039794921875,1673.4969482421875,0.3955671191215515,0.1857459545135498,6.518725106492639,0.07808160781860352
75,0.4697578052679698,0.4351741373538971,0.2712276875972748,0.24989303946495056,0.024132536103328068,0.023720819503068924,0.00395510074061652,0.0011942277584845822,0.008895785547792912,0.5181523561477661,0.9640113115310669,0.04301246255636215,2.5022006034851074,0.6940014958381653,1.914348840713501,850.039794921875,1673.4971923828125,0.3955080509185791,0.18409304320812225,7.327262287028134,0.07808160781860352
76,0.4546811878681183,0.4351741373538971,0.2679320474465688,0.24989303946495056,0.02098197800417741,0.023720819503068924,0.008609486278146505,0.00046774005265130353,0.00894442293792963,0.5179295539855957,0.9632517695426941,0.0430695116519928,2.501817464828491,0.695309579372406,1.914428949356079,850.039794921875,1673.4974365234375,0.39748191833496094,0.1859085112810135,6.720728757791221,0.07817888259887695
77,0.45117346445719403,0.4351741373538971,0.2680627703666687,0.24989303946495056,0.020375120143095653,0.023720819503068924,0.005694096287091573,0.0007148610893636942,0.008868425153195858,0.5178086161613464,0.9628825783729553,0.042955510318279266,2.5014150142669678,0.6966291069984436,1.9145716428756714,850.0397338867188,1673.497802734375,0.3962555527687073,0.18530620634555817,6.527508872561157,0.07808160781860352
78,0.44869646430015564,0.4351741373538971,0.2676791449387868,0.24989303946495056,0.01993911402920882,0.023720819503068924,0.006561301648616791,0.0006680321433426192,0.008804740073780218,0.5177513957023621,0.9627588987350464,0.04271192476153374,2.5001444816589355,0.6987485885620117,1.9147486686706543,850.0397338867188,1673.4981689453125,0.3927314877510071,0.18452343344688416,6.533698839135468,0.07808160781860352
79,0.44971797863642377,0.4351741373538971,0.268996795018514,0.24989303946495056,0.020077830801407497,0.023720819503068924,0.005372386813784639,0.0013037976265574496,0.008612137908736864,0.5179330706596375,0.9635322690010071,0.04224018007516861,2.499133586883545,0.7014724016189575,1.9150892496109009,850.03955078125,1673.49853515625,0.39585405588150024,0.18478375673294067,6.637354617938399,0.07808160781860352
80,0.4679681062698364,0.4291892349720001,0.2705967426300049,0.25029221177101135,0.02403968448440234,0.02238088846206665,0.01019418053328991,0.000591594900470227,0.008567283240457376,0.5176074504852295,0.9624136686325073,0.04242149367928505,2.4980475902557373,0.7031380534172058,1.9151391983032227,850.0397338867188,1673.498779296875,0.3955080509185791,0.18409304320812225,7.34281371999532,0.07808160781860352
81,0.4773963689804077,0.4291892349720001,0.27377207080523175,0.25029221177101135,0.025643485908706982,0.02238088846206665,0.004014832898974419,0.0019642080490787825,0.008375418682893118,0.5174060463905334,0.9617592692375183,0.04241340607404709,2.4966108798980713,0.7038803100585938,1.9153022766113281,850.0397338867188,1673.4991455078125,0.3953605890274048,0.18506930768489838,6.621766389347613,0.07817888259887695
82,0.4726579487323761,0.4291892349720001,0.27319037914276123,0.25029221177101135,0.024846964205304783,0.02238088846206665,0.0034086376739044986,0.0015507154069685687,0.008288294697801271,0.5181631445884705,0.9646865725517273,0.041200630366802216,2.496018648147583,0.7055404782295227,1.916077971458435,850.0391235351562,1673.5,0.3937639892101288,0.1848381906747818,6.722861018963158,0.07808160781860352
83,0.45065853993097943,0.4291892349720001,0.26673635840415955,0.25029221177101135,0.021122195447484653,0.02238088846206665,0.007414521959920724,0.0005233855918049812,0.0082797904809316,0.5182458162307739,0.9650884866714478,0.04091034084558487,2.494903087615967,0.7059981822967529,1.9164490699768066,850.0390625,1673.5006103515625,0.397898405790329,0.18564890325069427,6.531376348808408,0.07808160781860352
84,0.4449101487795512,0.4291892349720001,0.2659813463687897,0.25029221177101135,0.01996869531770547,0.02238088846206665,0.006113745893041293,0.0005708750298557183,0.008243599285682043,0.5180802345275879,0.9645591378211975,0.040945865213871,2.4937264919281006,0.7063827514648438,1.9166579246520996,850.0391235351562,1673.5010986328125,0.39412400126457214,0.18419381976127625,6.528104527853429,0.07808160781860352
85,0.4442036549250285,0.4154168665409088,0.2673218846321106,0.2469986528158188,0.019450761377811432,0.019896015524864197,0.004865671430403988,0.0007038524490781128,0.00821500395735105,0.5179623365402222,0.9642132520675659,0.0408918634057045,2.4925851821899414,0.7067016959190369,1.9168778657913208,850.0391235351562,1673.50146484375,0.3955080509185791,0.18409304320812225,7.454632488079369,0.07808160781860352
86,0.4415932297706604,0.4154168665409088,0.26528356472651166,0.2469986528158188,0.01939753256738186,0.019896015524864197,0.005052864706764619,0.000517445926864942,0.008230151298145453,0.5176821351051331,0.9632615447044373,0.04100010171532631,2.4904732704162598,0.7063135504722595,1.9169909954071045,850.0392456054688,1673.5018310546875,0.3937515914440155,0.1850234717130661,6.5839608339592814,0.07817888259887695
87,0.4439531664053599,0.4154168665409088,0.26771177848180133,0.2469986528158188,0.019391572723786037,0.019896015524864197,0.004410312666247289,0.0007943526531259218,0.008158285170793533,0.5175831317901611,0.962992787361145,0.04092704504728317,2.488391399383545,0.706354558467865,1.917214035987854,850.0392456054688,1673.502197265625,0.3957022726535797,0.18514865636825562,6.5195537228137255,0.07808160781860352
88,0.4632429877916972,0.4154168665409088,0.2689966360727946,0.2469986528158188,0.023492437476913135,0.019896015524864197,0.008005163632333279,0.000339577003614977,0.008222981666525206,0.5169621706008911,0.9607746005058289,0.04152986407279968,2.4863407611846924,0.7059087157249451,1.9171165227890015,850.0396118164062,1673.5023193359375,0.3946043848991394,0.18449480831623077,6.632750861346722,0.07808160781860352
89,0.47182424863179523,0.4154168665409088,0.27214590708414715,0.2469986528158188,0.02484188787639141,0.019896015524864197,0.003502583752075831,0.0015973734358946483,0.008097121802469095,0.5166405439376831,0.9596740007400513,0.04178996384143829,2.4837522506713867,0.7055083513259888,1.917199730873108,850.039794921875,1673.502685546875,0.39462780952453613,0.1847570836544037,6.527539444155991,0.07808160781860352
90,0.4758902092774709,0.5238773822784424,0.2735318938891093,0.25820988416671753,0.025634727751215298,0.044086817651987076,0.002717111880580584,0.0016813945258036256,0.008026229528089365,0.517495334148407,0.9629555940628052,0.04052591323852539,2.4821760654449463,0.7069082260131836,1.9180127382278442,850.0391845703125,1673.5037841796875,0.3955080509185791,0.18409304320812225,7.292600443586707,0.07808160781860352
91,0.5293727815151215,0.5238773822784424,0.28243402640024823,0.25820988416671753,0.03523043915629387,0.044086817651987076,0.01248075362915794,0.00016128522353634858,0.008191934786736965,0.5171734690666199,0.9618278741836548,0.04074910283088684,2.4800236225128174,0.7079211473464966,1.9181209802627563,850.0393676757812,1673.504150390625,0.3967032730579376,0.18488430976867676,6.708977091126144,0.07817888259887695
92,0.4659167130788167,0.5238773822784424,0.27046999335289,0.25820988416671753,0.023651089519262314,0.044086817651987076,0.006122679682448506,0.00031174706721988815,0.00812783557921648,0.5158977508544922,0.957140326499939,0.042177051305770874,2.4778177738189697,0.7078245282173157,1.9176363945007324,850.0401000976562,1673.504150390625,0.39949536323547363,0.18619203567504883,6.554917639121413,0.07808160781860352
93,0.48533350229263306,0.5238773822784424,0.2728285292784373,0.25820988416671753,0.02799130417406559,0.044086817651987076,0.002004930555510024,0.0008392550516873598,0.008045299599568049,0.5158888697624207,0.957169771194458,0.041930779814720154,2.47676944732666,0.7089648246765137,1.9178755283355713,850.0399780273438,1673.504638671875,0.3993527293205261,0.18542146682739258,6.515599137172103,0.07808160781860352
94,0.4651305576165517,0.5238773822784424,0.2714088161786397,0.25820988416671753,0.023164749145507812,0.044086817651987076,0.005814297590404749,0.0003139644638091947,0.008113914169371128,0.5160020589828491,0.9576589465141296,0.041453201323747635,2.476179599761963,0.7103697657585144,1.9181615114212036,850.0398559570312,1673.505126953125,0.39551371335983276,0.1851043403148651,6.641138456761837,0.07808160781860352
95,0.46966543793678284,0.40586158633232117,0.27317681908607483,0.24790799617767334,0.023616675287485123,0.017178598791360855,0.0075455899350345135,0.0002312103994578744,0.008108039076129595,0.515188455581665,0.9547245502471924,0.04212600737810135,2.4751148223876953,0.7110360264778137,1.9178833961486816,850.040283203125,1673.505126953125,0.3955080509185791,0.18409304320812225,7.359394399449229,0.07808160781860352
96,0.4472261865933736,0.40586158633232117,0.26757492621739704,0.24790799617767334,0.020018568883339565,0.017178598791360855,0.0057929359609261155,0.0004672912861375759,0.008075758814811707,0.5145573616027832,0.952483594417572,0.04246378317475319,2.474623203277588,0.7136078476905823,1.91769540309906,850.0405883789062,1673.505126953125,0.3937736749649048,0.18456514179706573,6.52553756069392,0.07817888259887695
97,0.4447525938351949,0.40586158633232117,0.26875385642051697,0.24790799617767334,0.019241721058885258,0.017178598791360855,0.004837352782487869,0.0006621616630582139,0.008101270844539007,0.5139085054397583,0.9501964449882507,0.042810793966054916,2.473834276199341,0.7154214382171631,1.9174675941467285,850.0408935546875,1673.505126953125,0.3904552161693573,0.1841326504945755,6.628300082869828,0.07808160781860352
98,0.4533850649992625,0.40586158633232117,0.26903672019640607,0.24790799617767334,0.02161216487487157,0.017178598791360855,0.0026349578984081745,0.0010277689434587955,0.008027918326358,0.514041543006897,0.9507542848587036,0.04222436249256134,2.474423408508301,0.7197110652923584,1.9177004098892212,850.0406494140625,1673.5054931640625,0.3944595158100128,0.18574272096157074,6.511297007091343,0.07808160781860352
99,0.4699859321117401,0.40586158633232117,0.27710840106010437,0.24790799617767334,0.02268504413465659,0.017178598791360855,0.008642235537990928,0.0002971979944656293,0.00811606707672278,0.5137251019477844,0.9496890902519226,0.0421646423637867,2.4755640029907227,0.7255575656890869,1.9176563024520874,850.0406494140625,1673.505615234375,0.3992224335670471,0.1865290254354477,6.522339405491948,0.07808160781860352
100,0.4593757589658101,0.39115065336227417,0.26900185147921246,0.251588374376297,0.023012495910127957,0.012091187760233879,0.0027827539015561342,0.0011143438168801367,0.007950683434804281,0.5135281085968018,0.9490600824356079,0.04194250702857971,2.4762232303619385,0.7299160957336426,1.9176832437515259,850.0406494140625,1673.5057373046875,0.3955080509185791,0.18409304320812225,7.48224682547152,0.07808160781860352
101,0.45541852712631226,0.39115065336227417,0.2705199023087819,0.251588374376297,0.02152285973230998,0.012091187760233879,0.004469266704594095,0.0008490548255698135,0.007879619797070822,0.5142122507095337,0.9516259431838989,0.04069223627448082,2.4773216247558594,0.7343258261680603,1.9182400703430176,850.0401000976562,1673.5062255859375,0.3938109278678894,0.1844756305217743,6.518302790820599,0.07817888259887695
102,0.4470486044883728,0.39115065336227417,0.268175611893336,0.251588374376297,0.02009483364721139,0.012091187760233879,0.005722473996380965,0.000332740688463673,0.00783146871253848,0.5144370794296265,0.952530026435852,0.040027882903814316,2.477717399597168,0.7373746037483215,1.918514609336853,850.0398559570312,1673.506591796875,0.3931887149810791,0.18448852002620697,6.519424814730883,0.07808160781860352
103,0.4386257032553355,0.39115065336227417,0.2664931118488312,0.251588374376297,0.018749602138996124,0.012091187760233879,0.004278567153960466,0.0004154631751589477,0.007728367888679107,0.5144432783126831,0.9526404142379761,0.03966107219457626,2.4778456687927246,0.7399666905403137,1.9186609983444214,850.0397338867188,1673.5068359375,0.39291632175445557,0.18365038931369781,6.661419577896595,0.07808160781860352
104,0.4381546477476756,0.39115065336227417,0.26505210002263385,0.251588374376297,0.019282955055435497,0.012091187760233879,0.003209241976340612,0.0006207390300308665,0.007643390446901321,0.514456033706665,0.9527788758277893,0.03928642347455025,2.477738857269287,0.7420434355735779,1.9188203811645508,850.03955078125,1673.5072021484375,0.39528048038482666,0.18472780287265778,6.514394572004676,0.07808160781860352
105,0.4408295651276906,0.40522855520248413,0.26690972844759625,0.2475091516971588,0.01942227656642596,0.01762889325618744,0.003325896143602828,0.0008254338366289934,0.007541310352583726,0.5145552754402161,0.9532371163368225,0.0389009453356266,2.4770894050598145,0.7432927489280701,1.9190459251403809,850.0393676757812,1673.507568359375,0.3955080509185791,0.18409304320812225,7.359401770867407,0.07808160781860352
106,0.43406942486763,0.40522855520248413,0.26535778244336444,0.2475091516971588,0.018140990907947224,0.01762889325618744,0.0049981776004036265,0.0005366116917381684,0.007452912473430236,0.5146673321723938,0.9537445902824402,0.038527362048625946,2.475076198577881,0.7446067333221436,1.9192880392074585,850.0391845703125,1673.5079345703125,0.38982701301574707,0.183341845870018,6.662268686108291,0.07817888259887695
107,0.43212272723515827,0.40522855520248413,0.2652425269285838,0.2475091516971588,0.017847240902483463,0.01762889325618744,0.003051512176170945,0.0005178074740494291,0.007331515196710825,0.5146889686584473,0.9539223909378052,0.038321781903505325,2.473228931427002,0.7457326054573059,1.919479489326477,850.0390625,1673.50830078125,0.3946823477745056,0.1843326985836029,6.508357246406376,0.07808160781860352
108,0.43376026550928753,0.40522855520248413,0.2659203112125397,0.2475091516971588,0.018169260273377102,0.01762889325618744,0.0031399099001040063,0.0007620278047397733,0.007179809113343556,0.5147088766098022,0.9540954828262329,0.038183413445949554,2.4709091186523438,0.7462844252586365,1.9196745157241821,850.0389404296875,1673.5086669921875,0.39507368206977844,0.18561343848705292,6.518406147137284,0.07808160781860352
109,0.45843586325645447,0.40522855520248413,0.26965318123499554,0.2475091516971588,0.023028175656994183,0.01762889325618744,0.005698003185292085,0.0005090726044727489,0.007122726955761512,0.5143780708312988,0.9529812932014465,0.03853568434715271,2.468384027481079,0.746582567691803,1.919694185256958,850.0390014648438,1673.5089111328125,0.4019646942615509,0.1873072385787964,6.687866535037756,0.07808160781860352
110,0.4552081724007924,0.392081618309021,0.269182284673055,0.2534944713115692,0.02239002784093221,0.012009832076728344,0.004478416522033513,0.0005291039415169507,0.007056940191735824,0.5134660005569458,0.9497450590133667,0.03957805037498474,2.465806245803833,0.7459745407104492,1.919381856918335,850.0394897460938,1673.5089111328125,0.3955080509185791,0.18409304320812225,7.390514262020588,0.07808160781860352
111,0.4628685613473256,0.392081618309021,0.27159152428309125,0.2534944713115692,0.02369816725452741,0.012009832076728344,0.0016982004744932055,0.0009749878178505847,0.006945314661910136,0.5136429071426392,0.9504734873771667,0.03915723040699959,2.464521646499634,0.7466031908988953,1.9196968078613281,850.039306640625,1673.509521484375,0.40019986033439636,0.18699319660663605,6.5117144184187055,0.07817888259887695
112,0.4440830647945404,0.392081618309021,0.2657533486684163,0.2534944713115692,0.020584192126989365,0.012009832076728344,0.00441091173949341,0.0002947455116858085,0.00695933448150754,0.5137826204299927,0.951069712638855,0.0388312041759491,2.4627456665039062,0.7474072575569153,1.919977068901062,850.0391235351562,1673.510009765625,0.3901301324367523,0.18359069526195526,6.623524007387459,0.07808160781860352
113,0.43136293689409894,0.392081618309021,0.2652602195739746,0.2534944713115692,0.017878141875068348,0.012009832076728344,0.004037581927453478,0.0006870651656451324,0.006818127042303483,0.5136127471923828,0.9505423307418823,0.03890366107225418,2.460390090942383,0.7479099631309509,1.9200811386108398,850.0391235351562,1673.5103759765625,0.39130547642707825,0.18362011015415192,6.518815950490534,0.07808160781860352
114,0.437833696603775,0.392081618309021,0.26760642727216083,0.2534944713115692,0.018922173728545506,0.012009832076728344,0.003102281984562675,0.0009938273772907753,0.006714708482225736,0.5135533809661865,0.9504207372665405,0.03882372006773949,2.4581191539764404,0.7484418749809265,1.9202488660812378,850.0390014648438,1673.5107421875,0.3974962830543518,0.18504247069358826,6.52009422890842,0.07808160781860352
115,0.43670164545377094,0.3945637345314026,0.266299029191335,0.2469213455915451,0.019061336293816566,0.015154384076595306,0.0029806139258046946,0.0008048682551210126,0.006574129840979974,0.5135899782180786,0.9506508708000183,0.03857240080833435,2.4555418491363525,0.748661458492279,1.9204812049865723,850.0388793945312,1673.5111083984375,0.3955080509185791,0.18409304320812225,7.474466043524444,0.07808160781860352
116,0.4343133370081584,0.3945637345314026,0.26424739758173627,0.2469213455915451,0.018874601150552433,0.015154384076595306,0.0038555933084959784,0.0005054501477085674,0.0063988893913726015,0.5137666463851929,0.9513927698135376,0.03811398521065712,2.453341245651245,0.748950719833374,1.9207878112792969,850.0386352539062,1673.511474609375,0.40118664503097534,0.18684567511081696,6.518369602970779,0.07817888259887695
117,0.4323668082555135,0.3945637345314026,0.2651308278242747,0.2469213455915451,0.018239526078104973,0.015154384076595306,0.00271326811828961,0.0003823539106330524,0.006212002597749233,0.513818621635437,0.9516820907592773,0.03791365399956703,2.4514315128326416,0.7491616606712341,1.9210197925567627,850.0385131835938,1673.5118408203125,0.39768868684768677,0.18642646074295044,6.5165840005502105,0.07808160781860352
118,0.4318796594937642,0.3945637345314026,0.26569218436876935,0.2469213455915451,0.017978540311257046,0.015154384076595306,0.002750613998311261,0.0003638682246673852,0.006057402274260919,0.5136561393737793,0.9511901140213013,0.038115181028842926,2.449549913406372,0.7490171194076538,1.9211288690567017,850.0385131835938,1673.51220703125,0.40263983607292175,0.18757545948028564,6.659956594929099,0.07808160781860352
119,0.4320072631041209,0.3945637345314026,0.26384485761324566,0.2469213455915451,0.018685871735215187,0.015154384076595306,0.0030827642185613513,0.00036575353199926514,0.005939552715669076,0.5134356021881104,0.9504885673522949,0.03829476609826088,2.4470765590667725,0.7483834028244019,1.921199917793274,850.0385131835938,1673.5125732421875,0.39547479152679443,0.18549787998199463,6.517530456185341,0.07808160781860352
120,0.43076138695081073,0.43760815262794495,0.26549877723058063,0.24811159074306488,0.018035078421235085,0.025951161980628967,0.002776262699626386,0.0005227698226614544,0.0057942066341638565,0.5132952332496643,0.9500804543495178,0.038455307483673096,2.4451704025268555,0.748217761516571,1.9213184118270874,850.0385131835938,1673.512939453125,0.3955080509185791,0.18409304320812225,7.35675663035363,0.07808160781860352
121,0.4336779713630676,0.43760815262794495,0.2656966944535573,0.24811159074306488,0.018796222905317943,0.025951161980628967,0.0033341840219994387,0.0005219198452929655,0.005704682009915511,0.5128940939903259,0.9487285017967224,0.03885813057422638,2.4431800842285156,0.7476523518562317,1.9212884902954102,850.0386962890625,1673.51318359375,0.39783310890197754,0.18621473014354706,6.697388377040625,0.07817888259887695
122,0.42902281880378723,0.43760815262794495,0.2647078037261963,0.24811159074306488,0.018032691131035488,0.025951161980628967,0.002934626031977435,0.0007126751976708571,0.005588152135411899,0.5125978589057922,0.9477605819702148,0.039120376110076904,2.441690683364868,0.7476826906204224,1.9213248491287231,850.0386962890625,1673.5135498046875,0.39900967478752136,0.18608100712299347,6.5144809586927295,0.07808160781860352
123,0.43059155344963074,0.43760815262794495,0.2647044062614441,0.24811159074306488,0.018410859008630116,0.025951161980628967,0.0034017061504224935,0.0004723751723455886,0.0055327640535930795,0.5121281743049622,0.9461737275123596,0.03959041088819504,2.439749240875244,0.7472469806671143,1.921262264251709,850.0388793945312,1673.5135498046875,0.40297791361808777,0.18759186565876007,6.526953008957207,0.07808160781860352
124,0.47863760590553284,0.43760815262794495,0.2747824490070343,0.24811159074306488,0.027229793990651768,0.025951161980628967,0.0015568541906153162,0.0013344186590984464,0.005284119086960952,0.5125126242637634,0.9476538300514221,0.038888342678546906,2.4383814334869385,0.747642457485199,1.9216935634613037,850.0385131835938,1673.51416015625,0.3934119939804077,0.1839989423751831,6.675857207737863,0.07808160781860352
125,0.43880321582158405,0.4600684940814972,0.2652195195357005,0.24872750043869019,0.02011866805454095,0.031274355947971344,0.0027625341899693012,0.0003421081346459687,0.005241042003035545,0.5132113099098206,0.9502729773521423,0.037716496735811234,2.4375197887420654,0.7483493089675903,1.9222972393035889,850.0379638671875,1673.5150146484375,0.3955080509185791,0.18409304320812225,7.34978036954999,0.07808160781860352
126,0.4400111436843872,0.4600684940814972,0.2674705386161804,0.24872750043869019,0.019634827350576717,0.031274355947971344,0.003321089626600345,0.0002697316061433715,0.0051248506642878056,0.5132126212120056,0.9503682851791382,0.03739863634109497,2.4360527992248535,0.7479183673858643,1.9224978685379028,850.037841796875,1673.515380859375,0.3955020010471344,0.18533356487751007,6.516666091047227,0.07817888259887695
127,0.44236453374226886,0.4600684940814972,0.2700066765149434,0.24872750043869019,0.019655533755819004,0.031274355947971344,0.002104735583998263,0.0005580922588706017,0.004938701322923104,0.5137467980384827,0.9524127244949341,0.03652384877204895,2.435546398162842,0.7486225962638855,1.9229987859725952,850.0374145507812,1673.51611328125,0.3965143859386444,0.18457554280757904,6.625505140051246,0.07808160781860352
128,0.45626500248908997,0.4600684940814972,0.265496164560318,0.24872750043869019,0.024141900862256687,0.031274355947971344,0.00401414178001384,0.00013804884777831225,0.004937208568056424,0.5136721134185791,0.9522298574447632,0.0364813506603241,2.434664487838745,0.7486198544502258,1.9231581687927246,850.037353515625,1673.5166015625,0.3989420533180237,0.18581551313400269,6.50731317512691,0.07808160781860352
129,0.4326746662457784,0.4600684940814972,0.268596072991689,0.24872750043869019,0.017862024406592052,0.031274355947971344,0.001966466545127332,0.00039622446638531983,0.0047305431216955185,0.5132785439491272,0.9508812427520752,0.03699667006731033,2.4334704875946045,0.7481980323791504,1.9231466054916382,850.0374755859375,1673.5169677734375,0.3950396478176117,0.18413417041301727,6.528434087522328,0.07808160781860352
130,0.4427095055580139,0.48262742161750793,0.26922473311424255,0.25017502903938293,0.020217353478074074,0.036680638790130615,0.002132409873108069,0.00047532729028413695,0.004607733028630416,0.5133189558982849,0.9511224031448364,0.03712160885334015,2.4331111907958984,0.7488307356834412,1.9233895540237427,850.037353515625,1673.517578125,0.3955080509185791,0.18409304320812225,7.4811259703710675,0.07808160781860352
131,0.4486856957276662,0.48262742161750793,0.265585333108902,0.25017502903938293,0.022543962424000103,0.036680638790130615,0.004350210850437482,0.00027680016986172024,0.004546863803019126,0.5125454664230347,0.9483991861343384,0.038256481289863586,2.4318764209747314,0.7481881380081177,1.923180341720581,850.037841796875,1673.5177001953125,0.39367440342903137,0.18456287682056427,6.549485992640257,0.07817888259887695
132,0.44794929027557373,0.48262742161750793,0.27188803752263385,0.25017502903938293,0.020972177386283875,0.036680638790130615,0.0016661712046091755,0.0009767769176202516,0.004294734913855791,0.5123530030250549,0.9477900862693787,0.03857961669564247,2.43105411529541,0.7481405138969421,1.9232999086380005,850.0379028320312,1673.5181884765625,0.38895484805107117,0.18340037763118744,6.54920244961977,0.07808160781860352
133,0.4402868350346883,0.48262742161750793,0.26631160577138263,0.25017502903938293,0.02067648929854234,0.036680638790130615,0.0034695972378055253,0.00046955328434705734,0.004243828045825164,0.5123097896575928,0.9477245211601257,0.038564231246709824,2.4305529594421387,0.7484838366508484,1.923506259918213,850.037841796875,1673.5186767578125,0.3956190049648285,0.18619149923324585,6.665413786657155,0.07808160781860352
134,0.43164848287900287,0.48262742161750793,0.2669997413953145,0.25017502903938293,0.01845019559065501,0.036680638790130615,0.0031055817380547523,0.0005479342362377793,0.004109525587409735,0.5117405652999878,0.9457637667655945,0.03908875957131386,2.4292237758636475,0.7477081418037415,1.9234133958816528,850.0380859375,1673.51904296875,0.3915973901748657,0.18361051380634308,6.574066611006856,0.07808160781860352
135,0.4515304168065389,0.4473402500152588,0.27312692006429035,0.2476983517408371,0.021623527631163597,0.028722643852233887,0.0015982095695411165,0.0011089475204547246,0.003919221771260102,0.5119443535804749,0.9465879201889038,0.03871550410985947,2.4287521839141846,0.7481335997581482,1.9237699508666992,850.0379638671875,1673.5196533203125,0.3955080509185791,0.18409304320812225,7.301516581326723,0.07808160781860352
136,0.4441163241863251,0.4473402500152588,0.2667447030544281,0.2476983517408371,0.02147055355211099,0.028722643852233887,0.004368124840160211,0.00031103820462400716,0.003950520729025205,0.5116329789161682,0.9455606341362,0.038902342319488525,2.4278006553649902,0.7478280067443848,1.9238334894180298,850.0380249023438,1673.52001953125,0.39557552337646484,0.18396106362342834,6.629867387935519,0.07817888259887695
137,0.43968531489372253,0.4473402500152588,0.27043713132540387,0.2476983517408371,0.01950206235051155,0.028722643852233887,0.002449201109508673,0.0008066912608531615,0.003791763369614879,0.51134192943573,0.9446092247962952,0.039035361260175705,2.426525831222534,0.7472769021987915,1.923901081085205,850.0380249023438,1673.5203857421875,0.39146915078163147,0.1831469088792801,6.5175094325095415,0.07808160781860352
138,0.43698736031850177,0.4473402500152588,0.2690549890200297,0.2476983517408371,0.0192354383567969,0.028722643852233887,0.0021786558985089264,0.0006985363531081626,0.003691311071937283,0.5116384029388428,0.9457664489746094,0.03840689733624458,2.4261691570281982,0.7479079961776733,1.9242994785308838,850.0377807617188,1673.5211181640625,0.401689350605011,0.18673880398273468,6.517109384760261,0.07808160781860352
139,0.4435700674851735,0.4473402500152588,0.26578255494435626,0.2476983517408371,0.021614160388708115,0.028722643852233887,0.004440338738883535,0.0002320253843208775,0.0036566633886347213,0.5112107396125793,0.9443263411521912,0.03875214233994484,2.4249305725097656,0.7472532391548157,1.924288272857666,850.0379028320312,1673.521484375,0.3962058126926422,0.1850874274969101,6.716507383622229,0.07808160781860352
140,0.4482293327649434,0.3949529528617859,0.2719648281733195,0.24680456519126892,0.02126430409650008,0.015608496032655239,0.0016880887560546398,0.0008968679467216134,0.003431762491042415,0.5112242698669434,0.9444684386253357,0.03852275013923645,2.424124002456665,0.7471527457237244,1.9245202541351318,850.0377807617188,1673.52197265625,0.3955080509185791,0.18409304320812225,7.308950328268111,0.07808160781860352
141,0.4379785358905792,0.3949529528617859,0.26705758770306903,0.24680456519126892,0.020012001196543377,0.015608496032655239,0.003404093634647628,0.00036805842925483984,0.0034220076631754637,0.511359453201294,0.9450470209121704,0.038153473287820816,2.423644781112671,0.747464656829834,1.9248145818710327,850.03759765625,1673.5225830078125,0.3954281508922577,0.18466775119304657,6.550466698594391,0.07817888259887695
142,0.43457311391830444,0.3949529528617859,0.2651704748471578,0.24680456519126892,0.01977693662047386,0.015608496032655239,0.003341505342784027,0.00041015222571634996,0.003301936900243163,0.5108402967453003,0.9432815313339233,0.03871714696288109,2.4223830699920654,0.7466853260993958,1.9247455596923828,850.0377807617188,1673.52294921875,0.3935048282146454,0.1845567673444748,6.635029175318778,0.07808160781860352
143,0.4404705762863159,0.3949529528617859,0.27068620920181274,0.24680456519126892,0.019845351576805115,0.015608496032655239,0.0015140932907039921,0.0007897248239411662,0.0031224796548485756,0.5110352039337158,0.9440717697143555,0.03836604952812195,2.4220948219299316,0.7472301125526428,1.9250719547271729,850.0375366210938,1673.5235595703125,0.39128899574279785,0.1841992884874344,6.533187846653163,0.07808160781860352
144,0.44892828663190204,0.3949529528617859,0.2661687135696411,0.24680456519126892,0.022903092826406162,0.015608496032655239,0.004752453416585922,0.0001737242377733613,0.0031475957172612348,0.5107781887054443,0.9432469606399536,0.03852459415793419,2.42136287689209,0.7471240758895874,1.9251385927200317,850.0375366210938,1673.52392578125,0.3976130187511444,0.18577156960964203,6.6015397338196635,0.07808160781860352
145,0.43187179168065387,0.38728606700897217,0.26640380422274273,0.2512681484222412,0.0189526438092192,0.012163828127086163,0.0025157303316518664,0.0005938079169330498,0.0029454242903739214,0.5103425979614258,0.9417866468429565,0.038780536502599716,2.4202210903167725,0.7464911341667175,1.9250978231430054,850.0377197265625,1673.524169921875,0.3955080509185791,0.18409304320812225,7.418354616500437,0.07808160781860352
146,0.4381072521209717,0.38728606700897217,0.26739682753880817,0.2512681484222412,0.02026073882977168,0.012163828127086163,0.0022779223897183933,0.0005733238940592855,0.0028524049557745457,0.510478138923645,0.94236159324646,0.03827852010726929,2.419811725616455,0.7469290494918823,1.9253720045089722,850.0374755859375,1673.5247802734375,0.39797165989875793,0.18587812781333923,6.540085104294121,0.07817888259887695
147,0.4399602214495341,0.38728606700897217,0.2661186655362447,0.2512681484222412,0.02082468383014202,0.012163828127086163,0.004391698942830165,0.00022422710026148707,0.0028928404984374842,0.5098867416381836,0.9403544664382935,0.03874565288424492,2.4184722900390625,0.7460911870002747,1.9252408742904663,850.0376586914062,1673.52490234375,0.39240992069244385,0.18380135297775269,6.527526441030204,0.07808160781860352
148,0.44966328144073486,0.38728606700897217,0.2707464595635732,0.2512681484222412,0.022177645315726597,0.012163828127086163,0.0015847390750423074,0.0009456313370416561,0.0027056243270635605,0.5098932981491089,0.9404685497283936,0.0384710319340229,2.4176719188690186,0.7459987998008728,1.9254388809204102,850.0374755859375,1673.525390625,0.3962496817111969,0.18476459383964539,6.666967872530222,0.07808160781860352
149,0.44141953190167743,0.38728606700897217,0.26702094078063965,0.2512681484222412,0.021064577624201775,0.012163828127086163,0.0034337039881696305,0.0003910919452512947,0.0027497021947056055,0.5100904703140259,0.9412587285041809,0.037968698889017105,2.4172234535217285,0.7463592886924744,1.925740361213684,850.0371704101562,1673.5260009765625,0.39979681372642517,0.18684430420398712,6.587345783598721,0.07808160781860352
150,0.4393051067988078,0.3875839114189148,0.26655394832293194,0.2531225383281708,0.020807918161153793,0.011581312865018845,0.002965120133012533,0.0004565941490000114,0.002659197819108764,0.5096661448478699,0.9398462176322937,0.038316138088703156,2.415949821472168,0.745612382888794,1.9257041215896606,850.0372924804688,1673.5263671875,0.3955080509185791,0.18409304320812225,7.305010485462844,0.07808160781860352
